date,DPF_30,DPF_90,DPF_180,DPF_270,DPF_360,DPF_430
2026-01-02,0.38101075,0.38295455,0.38676890,0.39108877,0.39566125,0.39932606
2026-01-05,0.37953466,0.38040471,0.38394460,0.38851244,0.39343870,0.39737006
2026-01-06,0.38006594,0.38111040,0.38473146,0.38930409,0.39421438,0.39813067
2026-01-07,0.37672960,0.37985198,0.38471094,0.38965689,0.39464698,0.39855174
2026-01-08,0.37730994,0.38023588,0.38472007,0.38931670,0.39401430,0.39772942
2026-01-09,0.37417431,0.37856611,0.38406006,0.38908543,0.39398825,0.39779404
2026-01-12,0.37207533,0.37688576,0.38299070,0.38853035,0.39384580,0.39791329
2026-01-13,0.37864285,0.38270301,0.38732356,0.39147046,0.39562321,0.39894167
2026-01-14,0.37770350,0.38200092,0.38689667,0.39124870,0.39555726,0.39897203
2026-01-15,0.37751280,0.38241627,0.38768834,0.39216899,0.39652012,0.39994549
2026-01-16,0.37745913,0.38256272,0.38801279,0.39260147,0.39702625,0.40049510
2026-01-19,0.37810636,0.38242155,0.38739349,0.39182935,0.39621265,0.39967754
2026-01-20,0.37987001,0.38371432,0.38808576,0.39204810,0.39606161,0.39929464
2026-01-21,0.37992382,0.38384527,0.38818111,0.39205807,0.39598465,0.39915722
2026-01-22,0.38151949,0.38495052,0.38884714,0.39245776,0.39620496,0.39927367
2026-01-23,0.38163850,0.38472927,0.38856969,0.39229733,0.39619262,0.39937072
2026-01-26,0.38055854,0.38358742,0.38753413,0.39142363,0.39547171,0.39875263
2026-01-27,0.38213050,0.38490336,0.38884324,0.39286615,0.39706950,0.40046408
2026-01-28,0.38277742,0.38544746,0.38949425,0.39370452,0.39809188,0.40161372
2026-01-29,0.38301050,0.38548894,0.38938058,0.39350632,0.39784064,0.40133282
2026-01-30,0.38295270,0.38569027,0.38949761,0.39337921,0.39745987,0.40077431
2026-02-02,0.37924045,0.38364123,0.38870742,0.39321325,0.39765169,0.40115258
2026-02-03,0.38060582,0.38455379,0.38916931,0.39337399,0.39759639,0.40096742
2026-02-04,0.37722568,0.38235110,0.38784198,0.39246822,0.39692407,0.40041281
2026-02-05,0.37952951,0.38349875,0.38801781,0.39209170,0.39619073,0.39947701
2026-02-06,0.37749685,0.38270534,0.38863574,0.39375339,0.39864629,0.40242607
2026-02-09,0.37802506,0.38328260,0.38905441,0.39395255,0.39864086,0.40228269
2026-02-10,0.37722698,0.38264090,0.38854779,0.39352439,0.39826352,0.40193380
2026-02-11,0.37905270,0.38392071,0.38933571,0.39401224,0.39854846,0.40210104
2026-02-12,0.37799787,0.38321753,0.38916757,0.39430380,0.39921313,0.40300428
2026-02-13,0.37839189,0.38303652,0.38859090,0.39355829,0.39838503,0.40213809
2026-02-16,0.37701921,0.38132853,0.38678291,0.39180901,0.39672761,0.40055021
2026-02-17,0.37896553,0.38246128,0.38715898,0.39170801,0.39629572,0.39992274
2026-02-18,0.38052089,0.38290793,0.38664719,0.39063327,0.39484742,0.39825837
2026-02-19,0.38322978,0.38391358,0.38652253,0.39006162,0.39408222,0.39741669
2026-02-20,0.38091532,0.38227831,0.38574148,0.38994923,0.39449053,0.39815123
2026-02-23,0.38070463,0.38229621,0.38590964,0.39017584,0.39474200,0.39841242
2026-02-24,0.37873963,0.38178357,0.38660342,0.39154730,0.39654869,0.40046602
2026-02-25,0.37928153,0.38211599,0.38670048,0.39147215,0.39634353,0.40018049
2026-02-26,0.37663138,0.38119171,0.38693764,0.39218214,0.39726795,0.40119485
2026-02-27,0.37588701,0.37994854,0.38518634,0.39008162,0.39490953,0.39867702
2026-03-02,0.37394314,0.37682480,0.38144073,0.38621736,0.39107799,0.39489922
2026-03-03,0.37630518,0.37924142,0.38430784,0.38960767,0.39494140,0.39908147
2026-03-04,0.37764769,0.38055310,0.38577072,0.39127378,0.39679846,0.40106935
2026-03-05,0.37624443,0.37921936,0.38440643,0.38983227,0.39527572,0.39948817
2026-03-06,0.37748086,0.38045907,0.38573314,0.39126517,0.39680701,0.40108706
2026-03-09,0.37650479,0.37915139,0.38421312,0.38966530,0.39517322,0.39943884
2026-03-10,0.37815587,0.37963918,0.38365468,0.38846663,0.39353748,0.39754607
2026-03-11,0.37857489,0.38045389,0.38480625,0.38981422,0.39501573,0.39910099
2026-03-12,0.37874741,0.38119082,0.38611770,0.39151937,0.39701025,0.40127341
2026-03-13,0.37803224,0.38054501,0.38549169,0.39087866,0.39634640,0.40059105
2026-03-16,0.37867913,0.38180200,0.38738219,0.39321070,0.39900666,0.40345464
2026-03-17,0.37855899,0.38178494,0.38762489,0.39371403,0.39973423,0.40432950
2026-03-18,0.37924612,0.38230071,0.38799259,0.39399546,0.39995937,0.40452282
2026-03-19,0.37799538,0.38190334,0.38846507,0.39506259,0.40146091,0.40628933
2026-03-20,0.37721994,0.38183689,0.38977474,0.39766442,0.40515043,0.41068741
2026-03-23,0.37648425,0.38042355,0.38817301,0.39620083,0.40389377,0.40958830
2026-03-24,0.37924492,0.38331612,0.39095504,0.39878044,0.40627846,0.41184227
2026-03-25,0.37876886,0.38307441,0.39077304,0.39854285,0.40596077,0.41146329
2026-03-26,0.37847813,0.38326308,0.39123289,0.39907203,0.40649399,0.41198490
2026-03-27,0.37882796,0.38429958,0.39254399,0.40034463,0.40764846,0.41304061
2026-03-30,0.37822518,0.38383677,0.39256081,0.40086983,0.40861815,0.41430391
2026-03-31,0.37783921,0.38264713,0.39063855,0.39849051,0.40592012,0.41141456
2026-04-01,0.37696116,0.38301722,0.39162790,0.39955421,0.40689750,0.41229648
2026-04-02,0.37698609,0.38331196,0.39174740,0.39931274,0.40629466,0.41144316
2026-04-06,0.37650993,0.38246225,0.39088299,0.39863326,0.40582814,0.41112982
2026-04-07,0.38026915,0.38518726,0.39317930,0.40097584,0.40834628,0.41380131
2026-04-08,0.37903175,0.38411658,0.39236880,0.40039017,0.40794249,0.41351305
2026-04-09,0.37872478,0.38411515,0.39348321,0.40270010,0.41130296,0.41757004
2026-04-10,0.37565430,0.38217890,0.39273222,0.40277327,0.41198217,0.41861911
2026-04-13,0.37540636,0.38209918,0.39328257,0.40400111,0.41380611,0.42083855
2026-04-14,0.37316734,0.38057194,0.39200721,0.40264161,0.41227858,0.41917403
2026-04-15,0.37740544,0.38374642,0.39407754,0.40395023,0.41303174,0.41959102
2026-04-16,0.37820282,0.38421930,0.39439861,0.40426414,0.41338033,0.41997352
2026-04-17,0.37598478,0.38221951,0.39271455,0.40284300,0.41216752,0.41889106
2026-04-20,0.37727735,0.38429722,0.39522376,0.40545338,0.41477697,0.42147914
2026-04-21,0.37838145,0.38608866,0.39740918,0.40774716,0.41708790,0.42378340
2026-04-22,0.37807325,0.38635059,0.39783941,0.40807156,0.41724570,0.42381221
2026-04-23,0.37658676,0.38402271,0.39517543,0.40545333,0.41476874,0.42145232
2026-04-24,0.37610022,0.38353683,0.39455313,0.40466320,0.41382467,0.42040399
2026-04-27,0.37764406,0.38462414,0.39538306,0.40543025,0.41459325,0.42118918
2026-04-28,0.37844010,0.38473333,0.39543854,0.40579599,0.41532702,0.42219147
2026-04-29,0.37889652,0.38559124,0.39699228,0.40798170,0.41804055,0.42524905
2026-04-30,0.37817172,0.38425348,0.39560345,0.40686345,0.41724206,0.42468222
2026-05-04,0.37801391,0.38381650,0.39461356,0.40535001,0.41528526,0.42243504
2026-05-05,0.37776592,0.38416128,0.39566595,0.40694325,0.41729855,0.42471334
2026-05-06,0.37782176,0.38475661,0.39685230,0.40855770,0.41923752,0.42685513
2026-05-07,0.37992435,0.38722549,0.40015924,0.41269286,0.42408764,0.43217919
2026-05-08,0.37984563,0.38702921,0.40025490,0.41320937,0.42500209,0.43336478
2026-05-11,0.37874618,0.38616248,0.39976885,0.41305971,0.42512844,0.43366847
2026-05-12,0.38004812,0.38685063,0.40004825,0.41317664,0.42517488,0.43368725
2026-05-13,0.37896856,0.38601957,0.39953806,0.41292116,0.42511903,0.43375689
2026-05-14,0.37960956,0.38642899,0.39954347,0.41256019,0.42445353,0.43289408
2026-05-15,0.37967786,0.38707511,0.40055944,0.41371321,0.42566130,0.43412218
2026-05-18,0.37859976,0.38585774,0.39937458,0.41264209,0.42470849,0.43325126
2026-05-19,0.37882480,0.38590758,0.39904568,0.41194619,0.42369974,0.43203730
2026-05-20,0.38023642,0.38729149,0.40056066,0.41363910,0.42556140,0.43401569
2026-05-22,0.37911791,0.38637929,0.39996759,0.41332157,0.42546757,0.43406470
2026-05-25,0.37774144,0.38421904,0.39727516,0.41040353,0.42243622,0.43097736
2026-05-26,0.37949028,0.38544998,0.39800623,0.41080928,0.42261225,0.43101652
2026-05-27,0.38152247,0.38692920,0.39895170,0.41140768,0.42296601,0.43122483
2026-05-28,0.38183335,0.38704154,0.39939123,0.41235598,0.42440317,0.43299733
2026-05-29,0.37956695,0.38556219,0.39881089,0.41244113,0.42499438,0.43390292
2026-06-01,0.37845470,0.38420279,0.39780100,0.41199120,0.42508283,0.43435922
2026-06-02,0.37776749,0.38348022,0.39697722,0.41106165,0.42405955,0.43327266
2026-06-03,0.37865887,0.38423499,0.39728055,0.41088933,0.42347200,0.43241090
2026-06-04,0.37644757,0.38267984,0.39603151,0.40965253,0.42216150,0.43102823
2026-06-05,0.37662914,0.38291311,0.39601130,0.40929463,0.42148975,0.43014399
2026-06-08,0.37727462,0.38268762,0.39497829,0.40775081,0.41958766,0.42802686
2026-06-09,0.37836215,0.38341733,0.39528312,0.40773349,0.41932261,0.42760715
2026-06-10,0.37986426,0.38478759,0.39635464,0.40851458,0.41985826,0.42798385
2026-06-11,0.38163162,0.38587329,0.39699634,0.40898858,0.42026629,0.42836997
2026-06-12,0.37701863,0.38230614,0.39474961,0.40777682,0.41986061,0.42846923
2026-06-15,0.37698152,0.38158269,0.39373376,0.40677776,0.41896036,0.42765517
2026-06-16,0.37618444,0.38023894,0.39188281,0.40460358,0.41655627,0.42511078
2026-06-17,0.37800872,0.38190772,0.39287779,0.40486337,0.41616884,0.42429526
2026-06-18,0.37771046,0.38128673,0.39198294,0.40380930,0.41500832,0.42307193
2026-06-19,0.37729932,0.38113261,0.39119531,0.40210696,0.41244030,0.41991356
2026-06-22,0.37795925,0.38154987,0.39100337,0.40130436,0.41111236,0.41824042
2026-06-23,0.37906006,0.38357841,0.39366048,0.40422543,0.41416314,0.42135331
2026-06-24,0.37980820,0.38341888,0.39213420,0.40152587,0.41050707,0.41708158
2026-06-25,0.38036066,0.38420229,0.39295552,0.40226853,0.41115107,0.41765342
2026-06-26,0.37789994,0.38286611,0.39278102,0.40289568,0.41236621,0.41922753
2026-06-30,0.37830857,0.38270115,0.39158806,0.40076058,0.40944387,0.41579327
2026-07-01,0.37362897,0.37983708,0.38994284,0.39960646,0.40850615,0.41494139
2026-07-02,0.37741798,0.38363102,0.39326393,0.40235363,0.41073773,0.41683202
2026-07-03,0.37552165,0.38158907,0.39036745,0.39849005,0.40600783,0.41152158
2026-07-06,0.37511701,0.38213578,0.39133825,0.39945943,0.40685906,0.41226526
2026-07-07,0.37791152,0.38316251,0.39055788,0.39744084,0.40393479,0.40878824
2026-07-08,0.37787412,0.38275413,0.39030895,0.39758870,0.40448886,0.40962575
2026-07-09,0.37862886,0.38303463,0.39022590,0.39732152,0.40411345,0.40919252
2026-07-10,0.37680856,0.38106023,0.38879410,0.39663317,0.40411689,0.40966233
2026-07-13,0.37369927,0.37909553,0.38743345,0.39538127,0.40281835,0.40829477
2026-07-14,0.37684942,0.38121929,0.38869491,0.39615442,0.40327841,0.40857893
2026-07-15,0.37966729,0.38413818,0.39175868,0.39934440,0.40657635,0.41195049
2026-07-17,0.37892387,0.38356075,0.39174558,0.39992867,0.40768261,0.41340145
2026-07-20,0.37785642,0.38309922,0.39203567,0.40080450,0.40901566,0.41502251
2026-07-21,0.37739299,0.38224155,0.39126540,0.40035509,0.40890553,0.41515109
2026-07-22,0.37828345,0.38371816,0.39368544,0.40360928,0.41284968,0.41954332
2026-07-23,0.37806586,0.38341999,0.39353947,0.40369279,0.41315158,0.41999404
2026-07-24,0.37835631,0.38312668,0.39300325,0.40317860,0.41272922,0.41965075
2026-07-27,0.37796675,0.38249180,0.39220642,0.40231703,0.41183777,0.41874570
2026-07-28,0.37850328,0.38268210,0.39206883,0.40196860,0.41134062,0.41815940
2026-07-29,0.37932649,0.38276185,0.39175075,0.40157127,0.41096341,0.41781848
2026-07-30,0.38130954,0.38477858,0.39364755,0.40330663,0.41255171,0.41930999
2026-07-31,0.37978331,0.38379521,0.39341565,0.40369405,0.41343395,0.42050686
2026-08-03,0.37712948,0.38153519,0.39204930,0.40320007,0.41368118,0.42123703
2026-08-04,0.37740114,0.38219538,0.39283831,0.40393513,0.41432031,0.42180086
2026-08-05,0.37693860,0.38256390,0.39389321,0.40537468,0.41600814,0.42363096
2026-08-06,0.37805499,0.38329922,0.39436374,0.40573144,0.41631001,0.42390868
2026-08-07,0.37438972,0.38109266,0.39334644,0.40536541,0.41635196,0.42417719
2026-08-10,0.37712182,0.38273459,0.39383618,0.40504661,0.41543498,0.42289361
2026-08-11,0.37955831,0.38501780,0.39596764,0.40708049,0.41740378,0.42482688
2026-08-12,0.37929917,0.38373385,0.39354678,0.40382900,0.41351984,0.42054680
2026-08-13,0.37783040,0.38345569,0.39427649,0.40513827,0.41520894,0.42245463
2026-08-14,0.37452147,0.38130892,0.39300405,0.40429464,0.41460743,0.42197723
2026-08-17,0.37506756,0.38167694,0.39313942,0.40424381,0.41440980,0.42168686
2026-08-18,0.37682340,0.38286803,0.39368208,0.40430526,0.41410534,0.42115538
2026-08-19,0.37671679,0.38311359,0.39427711,0.40513502,0.41510579,0.42226028
2026-08-20,0.37682689,0.38351760,0.39475437,0.40554170,0.41541257,0.42249155
2026-08-21,0.37673890,0.38360398,0.39508800,0.40608216,0.41612005,0.42330617
2026-08-24,0.37635690,0.38262730,0.39379786,0.40473268,0.41478818,0.42200275
2026-08-25,0.37752342,0.38404500,0.39534898,0.40631185,0.41636474,0.42357209
2026-08-26,0.37803359,0.38362965,0.39409810,0.40454574,0.41424309,0.42123890
2026-08-27,0.37825933,0.38369234,0.39418217,0.40474520,0.41456801,0.42165325
2026-08-28,0.37907389,0.38473790,0.39563774,0.40657712,0.41671640,0.42400905
2026-08-31,0.37907763,0.38423616,0.39483329,0.40567846,0.41579351,0.42308448
2026-09-02,0.37776540,0.38316555,0.39380273,0.40456283,0.41456816,0.42177631
2026-09-03,0.37926917,0.38554962,0.39677354,0.40777312,0.41789250,0.42515428
2026-09-04,0.37699312,0.38324524,0.39482440,0.40626947,0.41679348,0.42432467
2026-09-07,0.37668389,0.38269337,0.39373412,0.40465317,0.41472680,0.42196159
2026-09-08,0.37792356,0.38447950,0.39576086,0.40667804,0.41668594,0.42386267
2026-09-09,0.37581874,0.38276994,0.39500598,0.40687041,0.41768892,0.42539620
2026-09-10,0.37851803,0.38538634,0.39772043,0.40975467,0.42074386,0.42857265
2026-09-11,0.37879438,0.38535207,0.39755854,0.40960673,0.42064708,0.42851969
2026-09-14,0.37835997,0.38537642,0.39819339,0.41073672,0.42217163,0.43029587
2026-09-15,0.37839563,0.38597651,0.39954562,0.41270052,0.42462442,0.43306162
2026-09-16,0.37947563,0.38627042,0.39896130,0.41147343,0.42290934,0.43104244
2026-09-17,0.37879638,0.38503345,0.39738414,0.40978342,0.42118292,0.42930649
2026-09-21,0.37861294,0.38530057,0.39785750,0.41026281,0.42161251,0.42968928
2026-09-22,0.37870941,0.38626428,0.39960447,0.41249430,0.42418033,0.43245864
2026-09-23,0.37875100,0.38599854,0.39926068,0.41222280,0.42401230,0.43236920
2026-09-24,0.37820316,0.38588582,0.39990659,0.41355777,0.42592150,0.43465161
2026-09-25,0.37711303,0.38613421,0.40159012,0.41626379,0.42939485,0.43860147
2026-09-28,0.37654668,0.38518686,0.40070450,0.41566043,0.42909419,0.43851473
2026-09-29,0.37625859,0.38508142,0.40108520,0.41653544,0.43039742,0.44010078